Frecuencia,THD
1000,0.008000
2000,0.008600
3000,0.061000
4000,0.067000
5000,0.058000
6000,0.210000
7000,0.210000
8000,0.200000
9000,0.200000
10000,0.200000
11000,0.007700
12000,0.007600
13000,0.007700
14000,0.007700
15000,0.007500
16000,0.000000
17000,0.000000
18000,0.000000
19000,0.000000
20000,0.000000
21000,0.000000
