Frecuencia,THD
1000,9.100000
2000,9.100000
3000,6.200000
4000,8.000000
5000,8.600000
6000,8.600000
7000,8.700000
8000,8.800000
9000,8.800000
10000,8.900000
11000,9.200000
12000,9.200000
13000,9.300000
14000,9.300000
15000,9.300000
16000,9.400000
17000,9.400000
18000,0.000000
19000,0.000000
20000,0.000000
21000,0.000000
